first_name,last_name,email,job_title,department,location,salary,start_date
Bob,Jones,ian.young@example.com,Consultant,Engineering,Dublin,80642.73,16/05/2015
Ian,Taylor,charlie.lewis@testmail.com,Manager,Marketing,New York,77399.65,20/10/2019
Bob,Hall,charlie.johnson@testmail.com,Engineer,HR,Berlin,103768.63,10/10/2016
Ian,Smith,george.young@example.com,Analyst,Finance,New York,114791.17,05/03/2019
Ian,Hall,charlie.young@example.com,Coordinator,Operations,Berlin,68565.81,07/09/2015
Charlie,Moore,charlie.brown@example.com,Coordinator,Engineering,New York,46165.75,18/12/2019
Charlie,Williams,george.lewis@demo.org,Analyst,Marketing,Toronto,59601.58,15/03/2018
Hannah,Miller,charlie.brown@testmail.com,Analyst,Engineering,Toronto,71926.36,30/08/2018
Julia,Smith,ian.brown@example.com,Engineer,Finance,Dublin,108172.37,25/05/2015
David,Wilson,alice.walker@example.com,Manager,Finance,Berlin,79838.88,05/12/2021
Hannah,Williams,ian.smith@example.com,Manager,HR,London,100429.35,15/10/2018
Charlie,Moore,jane.clark@testmail.com,Coordinator,HR,London,99198.56,12/08/2020
David,Brown,charlie.miller@example.com,Coordinator,Operations,Dublin,47022.3,24/02/2017
Frank,Hall,fiona.brown@demo.org,Consultant,Marketing,New York,60987.41,18/01/2022
Ian,Wilson,bob.clark@example.com,Analyst,HR,New York,50612.26,18/11/2020
Bob,Jones,alice.lee@testmail.com,Coordinator,HR,Berlin,74012.49,01/01/2018
Frank,Jones,charlie.clark@demo.org,Engineer,Operations,Toronto,47260.53,10/12/2016
Frank,Clark,alice.johnson@example.com,Manager,Marketing,London,113542.2,07/01/2022
Alice,Moore,ethan.smith@testmail.com,Manager,HR,New York,85121.91,14/11/2017
David,Wilson,bob.brown@testmail.com,Analyst,Finance,Toronto,116220.09,25/08/2016
Frank,Smith,alice.walker@example.com,Manager,Marketing,Berlin,59927.43,28/07/2015
Bob,Brown,charlie.lee@testmail.com,Coordinator,Marketing,New York,98770.24,26/04/2022
Eva,Hall,helen.young@demo.org,Consultant,HR,Berlin,58528.19,20/05/2019
Eva,Taylor,helen.young@demo.org,Manager,Marketing,Toronto,68810.63,31/07/2020
Eva,Clark,ethan.lewis@testmail.com,Analyst,Marketing,New York,59394.8,09/10/2019
Hannah,Williams,fiona.walker@example.com,Engineer,Operations,Dublin,84578.66,25/07/2019
Eva,Taylor,diana.walker@testmail.com,Manager,HR,London,57872.68,17/03/2022
Eva,Wilson,diana.lee@example.com,Coordinator,Finance,Berlin,77347.99,29/12/2018
David,Clark,bob.lewis@testmail.com,Manager,Finance,London,62074.16,25/12/2019
Grace,Wilson,fiona.miller@testmail.com,Engineer,HR,London,103695.84,20/01/2021
